{
  "name": "fancytree",
  "version": "2.0.0-10",
  "title": "Fancytree",
  "description": "Fancytree is a JavaScript dynamic tree view plugin for jQuery with support for persistence, keyboard, checkboxes, drag'n'drop, and lazy loading.",
  "homepage": "https://github.com/mar10/fancytree",
  "author": {
    "name": "Martin Wendt",
    "email": "jquery@wwwendt.de",
    "url": "http://careers.stackoverflow.com/martin-wendt"
  },
  "repository": {
    "type": "git",
    "url": "https://github.com/mar10/fancytree"
  },
  "demo": "http://wwwendt.de/tech/fancytree/demo/",
  "docs": "https://github.com/mar10/fancytree/wiki",
  "bugs": "https://github.com/mar10/fancytree/issues",
  "licenses": [
    {
      "type": "MIT",
      "url": "http://opensource.org/licenses/mit-license.php"
    }
  ],
  "dependencies": {
    "jquery": ">=1.7",
    "jquery-ui": ">=1.8.6"
  },
  "keywords": [
    "tree",
    "lazy",
    "ajax",
    "tabletree",
    "table",
    "treegrid"
  ]
}